equipment_id,avg_tph,total_tons,total_kwh,specific_energy_kwhpt
CR-01,380.6826111111111,9136.382666666666,36960.44941666666,4.045413897943854
SAG-01,259.9086145833333,6237.80675,47501.50874999999,7.615097846691066
